<?xml version="1.0" encoding="utf-8"?>
<extension type="component" version="2.5">
	<name>MailRelay_Sync</name>
	<author>Mailrelay</author>
	<creationDate>September 2012</creationDate>
	<copyright></copyright>
	<license></license>
	<authorEmail>info@consultorpc.com</authorEmail>
	<authorUrl>www.consultorpc.com</authorUrl>
	<version>1.1</version>
	<description>MailRelay Sync Component</description>

	<install>
		<sql>
			<file driver="mysql" charset="utf8">sql/install.mysql.utf8.sql</file>
		</sql>
	</install>

	<uninstall>
		<sql>
			<file driver="mysql" charset="utf8">sql/uninstall.mysql.utf8.sql</file>
		</sql>
	</uninstall>

	<administration>
		<menu>MailRelay Sync</menu> 
		<files folder="admin">
			<filename>mailrelay_sync.php</filename>
			<filename>controller.php</filename>
			<filename>index.html</filename>
			<filename>config.xml</filename>
			<folder>sql</folder>
			<folder>tables</folder>
			<folder>views</folder>
			<folder>controllers</folder>
			<folder>helpers</folder>
			<folder>models</folder>
		</files>
	    	<languages folder="admin">
        	    <language tag="en-GB">language/en-GB/en-GB.com_mailrelay_sync.ini</language>
        	    <language tag="en-GB">language/en-GB/en-GB.com_mailrelay_sync.sys.ini</language>
    		</languages>    
	</administration>
</extension>
